<?xml version = '1.0' encoding = 'UTF-8'?>
<relationalModel class="oracle.dbtools.crest.model.design.relational.RelationalDesign" name="Relational_1" id="6181A8DB-91D3-F20D-AA75-83AA28EE80FC" mainViewID="9CAFC507-6A55-2464-F56C-256C1A469823">
<createdBy>nicol</createdBy>
<createdTime>2025-08-16 21:17:46 UTC</createdTime>
<ownerDesignName>Modelo_Entidad_Relacion</ownerDesignName>
<shouldBeOpen>true</shouldBeOpen>
<selectedRDBMSSite>32076570-2523-435C-2E92-BF29817DFF70</selectedRDBMSSite>
</relationalModel>