<?xml version = '1.0' encoding = 'UTF-8'?>
<Relation class="oracle.dbtools.crest.model.design.logical.Relation" name="reserva_vuelo" directorySegmentName="seg_0" id="432D0312-36DD-DD12-1F54-C1DCA8C175DF">
<createdBy>nicol</createdBy>
<createdTime>2025-08-16 22:17:19 UTC</createdTime>
<ownerDesignName>Modelo_Base</ownerDesignName>
<engineerTo>
<item key="6181A8DB-91D3-F20D-AA75-83AA28EE80FC" value="true"/>
</engineerTo>
<targetPk>76D56A20-AD3A-12EB-EF24-447D4423697D</targetPk>
<identifying>false</identifying>
<nameOnSource>corresponde a</nameOnSource>
<nameOnTarget>tiene</nameOnTarget>
<optionalSource>false</optionalSource>
<optionalTarget>false</optionalTarget>
<sourceCardinality>*</sourceCardinality>
<sourceEntity>769792E1-BAF8-8606-9FF4-0AE8CC86513B</sourceEntity>
<targetCardinalityString>1</targetCardinalityString>
<targetEntity>6331A8E6-D65C-DD56-6EFC-CBA1929C10C5</targetEntity>
<transferable>true</transferable>
<deleteRule>NO ACTION</deleteRule>
</Relation>