<?xml version = '1.0' encoding = 'UTF-8'?>
<Relation class="oracle.dbtools.crest.model.design.logical.Relation" name="pasajero_vuelo" directorySegmentName="seg_0" id="B694C72F-5282-6715-0DCD-E1E17CA1DADB">
<createdBy>nicol</createdBy>
<createdTime>2025-08-16 22:16:03 UTC</createdTime>
<ownerDesignName>Modelo_Base</ownerDesignName>
<engineerTo>
<item key="6181A8DB-91D3-F20D-AA75-83AA28EE80FC" value="true"/>
</engineerTo>
<sourcePk>D66554AE-E2CE-5835-A180-81B46F0C3415</sourcePk>
<identifying>false</identifying>
<nameOnSource>realiza</nameOnSource>
<nameOnTarget>pertenece a</nameOnTarget>
<optionalSource>false</optionalSource>
<optionalTarget>false</optionalTarget>
<sourceCardinality>1</sourceCardinality>
<sourceEntity>426C9602-A7A4-7CAD-F09D-676C9BE3D002</sourceEntity>
<targetCardinalityString>*</targetCardinalityString>
<targetEntity>769792E1-BAF8-8606-9FF4-0AE8CC86513B</targetEntity>
<transferable>true</transferable>
<deleteRule>NO ACTION</deleteRule>
</Relation>