<?xml version = '1.0' encoding = 'UTF-8'?>
<Relation class="oracle.dbtools.crest.model.design.logical.Relation" name="Relation_2" directorySegmentName="seg_0" id="D6AB1CFA-0E3A-07B1-103E-96174E42F486">
<createdBy>nicol</createdBy>
<createdTime>2025-08-16 22:14:31 UTC</createdTime>
<ownerDesignName>Modelo_Base</ownerDesignName>
<engineerTo>
<item key="6181A8DB-91D3-F20D-AA75-83AA28EE80FC" value="true"/>
</engineerTo>
<useSurrogateKey>true</useSurrogateKey>
<sourcePk>E2A43E3A-A252-67AA-1679-3DA03CD3062C</sourcePk>
<identifying>false</identifying>
<nameOnSource>atiende</nameOnSource>
<nameOnTarget>atendido por</nameOnTarget>
<optionalSource>false</optionalSource>
<optionalTarget>false</optionalTarget>
<sourceCardinality>1</sourceCardinality>
<sourceEntity>599DADA6-B2C6-4E51-BF49-B9F820520AD5</sourceEntity>
<targetCardinalityString>*</targetCardinalityString>
<targetEntity>426C9602-A7A4-7CAD-F09D-676C9BE3D002</targetEntity>
<transferable>true</transferable>
<deleteRule>NO ACTION</deleteRule>
</Relation>