<?xml version = '1.0' encoding = 'UTF-8'?>
<Entity class="oracle.dbtools.crest.model.design.logical.Entity" directorySegmentName="seg_0" id="426C9602-A7A4-7CAD-F09D-676C9BE3D002" name="PASAJERO">
<createdBy>nicol</createdBy>
<createdTime>2025-08-16 21:18:04 UTC</createdTime>
<ownerDesignName>Modelo_Base</ownerDesignName>
<engineerTo>
<item key="6181A8DB-91D3-F20D-AA75-83AA28EE80FC" value="true"/>
</engineerTo>
<adequatelyNormalized>NO</adequatelyNormalized>
<expectedVolumes>0</expectedVolumes>
<fwdEngineeringStrategyName>Single Table</fwdEngineeringStrategyName>
<growthPercent>0</growthPercent>
<growthType>Year</growthType>
<maxVolumes>9999999</maxVolumes>
<minVolumes>0</minVolumes>
<normalForm>Third</normalForm>
<attributes itemClass="oracle.dbtools.crest.model.design.logical.Attribute">
<Attribute name="numero_pasaporte_o_cedula" id="186D512A-F3AB-5907-8061-8FF2788C0520">
<createdBy>nicol</createdBy>
<createdTime>2025-08-16 22:05:24 UTC</createdTime>
<ownerDesignName>Modelo_Base</ownerDesignName>
<engineerTo>
<item key="6181A8DB-91D3-F20D-AA75-83AA28EE80FC" value="true"/>
</engineerTo>
<useDomainConstraints>false</useDomainConstraints>
<use>1</use>
<logicalDatatype>LOGDT019</logicalDatatype>
<ownDataTypeParameters>,,</ownDataTypeParameters>
</Attribute>
<Attribute name="nombre_completo" id="D4CE6749-9411-C42C-AEE8-219216094620">
<createdBy>nicol</createdBy>
<createdTime>2025-08-16 22:05:50 UTC</createdTime>
<ownerDesignName>Modelo_Base</ownerDesignName>
<engineerTo>
<item key="6181A8DB-91D3-F20D-AA75-83AA28EE80FC" value="true"/>
</engineerTo>
<useDomainConstraints>false</useDomainConstraints>
<use>1</use>
<logicalDatatype>LOGDT024</logicalDatatype>
<dataTypeSize>40</dataTypeSize>
<ownDataTypeParameters>40,,</ownDataTypeParameters>
</Attribute>
<Attribute name="fecha_nacimiento" id="4C528784-87E3-CE4D-617B-DE9E64899FA3">
<createdBy>nicol</createdBy>
<createdTime>2025-08-16 22:05:54 UTC</createdTime>
<ownerDesignName>Modelo_Base</ownerDesignName>
<engineerTo>
<item key="6181A8DB-91D3-F20D-AA75-83AA28EE80FC" value="true"/>
</engineerTo>
<useDomainConstraints>false</useDomainConstraints>
<use>1</use>
<logicalDatatype>LOGDT007</logicalDatatype>
<ownDataTypeParameters>,,</ownDataTypeParameters>
</Attribute>
<Attribute name="nacionalidad" id="5531A31C-8DD1-7EFA-CF0A-8D99B59CF6BD">
<createdBy>nicol</createdBy>
<createdTime>2025-08-16 22:06:05 UTC</createdTime>
<ownerDesignName>Modelo_Base</ownerDesignName>
<engineerTo>
<item key="6181A8DB-91D3-F20D-AA75-83AA28EE80FC" value="true"/>
</engineerTo>
<useDomainConstraints>false</useDomainConstraints>
<use>1</use>
<logicalDatatype>LOGDT024</logicalDatatype>
<dataTypeSize>5</dataTypeSize>
<ownDataTypeParameters>5,,</ownDataTypeParameters>
</Attribute>
<Attribute name="telefono" id="DB7A565F-96A3-79E0-652F-038CBB335814">
<createdBy>nicol</createdBy>
<createdTime>2025-08-16 22:06:12 UTC</createdTime>
<ownerDesignName>Modelo_Base</ownerDesignName>
<engineerTo>
<item key="6181A8DB-91D3-F20D-AA75-83AA28EE80FC" value="true"/>
</engineerTo>
<nullsAllowed>true</nullsAllowed>
<useDomainConstraints>false</useDomainConstraints>
<use>1</use>
<logicalDatatype>LOGDT019</logicalDatatype>
<dataTypePrecision>9</dataTypePrecision>
<ownDataTypeParameters>,9,</ownDataTypeParameters>
</Attribute>
<Attribute name="correo_electronico" id="6451FA49-52AE-AB8C-2CBD-EBC51D264A70">
<createdBy>nicol</createdBy>
<createdTime>2025-08-16 22:06:19 UTC</createdTime>
<ownerDesignName>Modelo_Base</ownerDesignName>
<engineerTo>
<item key="6181A8DB-91D3-F20D-AA75-83AA28EE80FC" value="true"/>
</engineerTo>
<nullsAllowed>true</nullsAllowed>
<useDomainConstraints>false</useDomainConstraints>
<use>1</use>
<logicalDatatype>LOGDT024</logicalDatatype>
<dataTypeSize>40</dataTypeSize>
<ownDataTypeParameters>40,,</ownDataTypeParameters>
</Attribute>
</attributes>
<identifiers itemClass="oracle.dbtools.crest.model.design.logical.CandidateKey">
<identifier id="D66554AE-E2CE-5835-A180-81B46F0C3415" name="PASAJERO PK">
<createdBy>nicol</createdBy>
<createdTime>2025-08-16 22:06:44 UTC</createdTime>
<ownerDesignName>Modelo_Base</ownerDesignName>
<engineerTo>
<item key="6181A8DB-91D3-F20D-AA75-83AA28EE80FC" value="true"/>
</engineerTo>
<pk>true</pk>
<usedAttributes>
<attributeRef>186D512A-F3AB-5907-8061-8FF2788C0520</attributeRef>
</usedAttributes>
</identifier>
</identifiers>
</Entity>