<?xml version = '1.0' encoding = 'UTF-8'?>
<Entity class="oracle.dbtools.crest.model.design.logical.Entity" directorySegmentName="seg_0" id="769792E1-BAF8-8606-9FF4-0AE8CC86513B" name="RESERVA">
<createdBy>nicol</createdBy>
<createdTime>2025-08-16 22:08:37 UTC</createdTime>
<ownerDesignName>Modelo_Base</ownerDesignName>
<engineerTo>
<item key="6181A8DB-91D3-F20D-AA75-83AA28EE80FC" value="true"/>
</engineerTo>
<adequatelyNormalized>NO</adequatelyNormalized>
<expectedVolumes>0</expectedVolumes>
<fwdEngineeringStrategyName>Single Table</fwdEngineeringStrategyName>
<growthPercent>0</growthPercent>
<growthType>Year</growthType>
<maxVolumes>9999999</maxVolumes>
<minVolumes>0</minVolumes>
<normalForm>Third</normalForm>
<attributes itemClass="oracle.dbtools.crest.model.design.logical.Attribute">
<Attribute name="numero" id="721AAE8E-87EC-3FDC-2ABD-72612D5FDC6E">
<createdBy>nicol</createdBy>
<createdTime>2025-08-16 22:08:45 UTC</createdTime>
<ownerDesignName>Modelo_Base</ownerDesignName>
<engineerTo>
<item key="6181A8DB-91D3-F20D-AA75-83AA28EE80FC" value="true"/>
</engineerTo>
<useDomainConstraints>false</useDomainConstraints>
<use>1</use>
<logicalDatatype>LOGDT019</logicalDatatype>
<ownDataTypeParameters>,,</ownDataTypeParameters>
</Attribute>
<Attribute name="fecha_reserva" id="9C29350D-C3E7-E9B7-C3C7-22B85149502C">
<createdBy>nicol</createdBy>
<createdTime>2025-08-16 22:08:51 UTC</createdTime>
<ownerDesignName>Modelo_Base</ownerDesignName>
<engineerTo>
<item key="6181A8DB-91D3-F20D-AA75-83AA28EE80FC" value="true"/>
</engineerTo>
<useDomainConstraints>false</useDomainConstraints>
<use>1</use>
<logicalDatatype>LOGDT007</logicalDatatype>
<ownDataTypeParameters>,,</ownDataTypeParameters>
</Attribute>
<Attribute name="fecha_viaje" id="8AE07E70-0E89-3B7B-B683-A39075DF097B">
<createdBy>nicol</createdBy>
<createdTime>2025-08-16 22:09:02 UTC</createdTime>
<ownerDesignName>Modelo_Base</ownerDesignName>
<engineerTo>
<item key="6181A8DB-91D3-F20D-AA75-83AA28EE80FC" value="true"/>
</engineerTo>
<useDomainConstraints>false</useDomainConstraints>
<use>1</use>
<logicalDatatype>LOGDT007</logicalDatatype>
<ownDataTypeParameters>,,</ownDataTypeParameters>
</Attribute>
<Attribute name="estado" id="771D857B-5AAF-7A5D-279C-0894C6015B82">
<createdBy>nicol</createdBy>
<createdTime>2025-08-16 22:09:12 UTC</createdTime>
<ownerDesignName>Modelo_Base</ownerDesignName>
<engineerTo>
<item key="6181A8DB-91D3-F20D-AA75-83AA28EE80FC" value="true"/>
</engineerTo>
<useDomainConstraints>false</useDomainConstraints>
<use>1</use>
<logicalDatatype>LOGDT006</logicalDatatype>
<dataTypeSize>1</dataTypeSize>
<ownDataTypeParameters>1,,</ownDataTypeParameters>
</Attribute>
<Attribute name="numero_vuelo" id="75B8B513-6478-5B30-AD3F-E534C3082266">
<createdBy>nicol</createdBy>
<createdTime>2025-08-16 22:17:19 UTC</createdTime>
<generatorID>432D0312-36DD-DD12-1F54-C1DCA8C175DF</generatorID>
<ownerDesignName>Modelo_Base</ownerDesignName>
<engineerTo>
<item key="6181A8DB-91D3-F20D-AA75-83AA28EE80FC" value="true"/>
</engineerTo>
<referedAttribute>387C041C-AD07-C7EF-F405-D3BEB32442B7</referedAttribute>
<useDomainConstraints>false</useDomainConstraints>
<use>1</use>
<logicalDatatype>LOGDT019</logicalDatatype>
<ownDataTypeParameters>,,</ownDataTypeParameters>
</Attribute>
<Attribute name="numero_pasaporte_o_cedula" id="63E512EB-AA33-2533-AE23-14DEA17C5A57">
<createdBy>nicol</createdBy>
<createdTime>2025-08-16 23:00:41 UTC</createdTime>
<generatorID>B694C72F-5282-6715-0DCD-E1E17CA1DADB</generatorID>
<ownerDesignName>Modelo_Base</ownerDesignName>
<engineerTo>
<item key="6181A8DB-91D3-F20D-AA75-83AA28EE80FC" value="true"/>
</engineerTo>
<referedAttribute>186D512A-F3AB-5907-8061-8FF2788C0520</referedAttribute>
<useDomainConstraints>false</useDomainConstraints>
<use>1</use>
<logicalDatatype>LOGDT019</logicalDatatype>
<ownDataTypeParameters>,,</ownDataTypeParameters>
</Attribute>
</attributes>
<identifiers itemClass="oracle.dbtools.crest.model.design.logical.CandidateKey">
<identifier id="DEDF43FE-4EDF-D66B-7997-1A27305DF222" name="RESERVA PK">
<createdBy>nicol</createdBy>
<createdTime>2025-08-16 22:08:59 UTC</createdTime>
<ownerDesignName>Modelo_Base</ownerDesignName>
<engineerTo>
<item key="6181A8DB-91D3-F20D-AA75-83AA28EE80FC" value="true"/>
</engineerTo>
<pk>true</pk>
<usedAttributes>
<attributeRef>721AAE8E-87EC-3FDC-2ABD-72612D5FDC6E</attributeRef>
</usedAttributes>
</identifier>
</identifiers>
</Entity>