<?xml version = '1.0' encoding = 'UTF-8'?>
<Diagram class="oracle.dbtools.crest.swingui.logical.DPVLogical" name="Logical" id="E99F18BE-C9ED-7DCF-AF21-073A21FD9CBE">
<createdBy>nicol</createdBy>
<modifiedBy>nicol</modifiedBy>
<createdTime>2025-08-16 21:17:52 UTC</createdTime>
<autoRoute>false</autoRoute>
<boxInbox>true</boxInbox>
<showLegend>false</showLegend>
<showLabels>true</showLabels>
<showRelAttributes>false</showRelAttributes>
<gridEnabled>false</gridEnabled>
<showGrid>false</showGrid>
<diagramColor>-1</diagramColor>
<display>false</display>
<notation>0</notation>
<objectViews>
<OView class="oracle.dbtools.crest.swingui.logical.TVEntity" oid="426C9602-A7A4-7CAD-F09D-676C9BE3D002" otype="Entity" vid="776587EA-CC5A-C5B8-8E68-D29557092357">
<hideElementsInCurrentOnly>false</hideElementsInCurrentOnly>
<bounds x="454" y="47" width="281" height="146"/>
</OView>
<OView class="oracle.dbtools.crest.swingui.logical.TVEntity" oid="599DADA6-B2C6-4E51-BF49-B9F820520AD5" otype="Entity" vid="A8AA2F31-3FDC-6765-661D-2F9C22EC5A18">
<hideElementsInCurrentOnly>false</hideElementsInCurrentOnly>
<bounds x="16" y="34" width="270" height="164"/>
</OView>
<OView class="oracle.dbtools.crest.swingui.logical.TVEntity" oid="6331A8E6-D65C-DD56-6EFC-CBA1929C10C5" otype="Entity" vid="8047AD57-4E58-4F82-3B17-F7015B025095">
<hideElementsInCurrentOnly>false</hideElementsInCurrentOnly>
<bounds x="21" y="305" width="228" height="117"/>
</OView>
<OView class="oracle.dbtools.crest.swingui.logical.TVEntity" oid="769792E1-BAF8-8606-9FF4-0AE8CC86513B" otype="Entity" vid="01449A94-B0B6-E849-B985-AE0EA0F4C93E">
<hideElementsInCurrentOnly>false</hideElementsInCurrentOnly>
<bounds x="461" y="300" width="271" height="140"/>
</OView>
</objectViews>
<connectors>
<Connector class="oracle.dbtools.crest.swingui.logical.TVRelation" oid="432D0312-36DD-DD12-1F54-C1DCA8C175DF" otype="Relation" vid_source="8047AD57-4E58-4F82-3B17-F7015B025095" vid_target="01449A94-B0B6-E849-B985-AE0EA0F4C93E">
<hideElementsInCurrentOnly>false</hideElementsInCurrentOnly>
<backgroundColor>-16777216</backgroundColor>
<lineWidth>1</lineWidth>
<sourceLabel class="oracle.dbtools.crest.model.design.Label">
<site>0</site>
<labelBounds x="259" y="333" width="39" height="30"/>
<noBackgroundColor>true</noBackgroundColor>
<noForegroundColor>true</noForegroundColor>
</sourceLabel>
<targetLabel class="oracle.dbtools.crest.model.design.Label">
<site>2</site>
<labelBounds x="373" y="366" width="82" height="30"/>
<noBackgroundColor>true</noBackgroundColor>
<noForegroundColor>true</noForegroundColor>
</targetLabel>
<points>
<point x="249" y="363"/>
<point x="461" y="363"/>
</points>
</Connector>
<Connector class="oracle.dbtools.crest.swingui.logical.TVRelation" oid="B694C72F-5282-6715-0DCD-E1E17CA1DADB" otype="Relation" vid_source="776587EA-CC5A-C5B8-8E68-D29557092357" vid_target="01449A94-B0B6-E849-B985-AE0EA0F4C93E">
<hideElementsInCurrentOnly>false</hideElementsInCurrentOnly>
<backgroundColor>-16777216</backgroundColor>
<lineWidth>1</lineWidth>
<sourceLabel class="oracle.dbtools.crest.model.design.Label">
<site>0</site>
<labelBounds x="596" y="227" width="47" height="28"/>
<noBackgroundColor>true</noBackgroundColor>
<noForegroundColor>true</noForegroundColor>
</sourceLabel>
<targetLabel class="oracle.dbtools.crest.model.design.Label">
<site>2</site>
<labelBounds x="596" y="266" width="72" height="20"/>
<noBackgroundColor>true</noBackgroundColor>
<noForegroundColor>true</noForegroundColor>
</targetLabel>
<points>
<point x="596" y="193"/>
<point x="596" y="300"/>
</points>
</Connector>
<Connector class="oracle.dbtools.crest.swingui.logical.TVRelation" oid="D6AB1CFA-0E3A-07B1-103E-96174E42F486" otype="Relation" vid_source="A8AA2F31-3FDC-6765-661D-2F9C22EC5A18" vid_target="776587EA-CC5A-C5B8-8E68-D29557092357">
<hideElementsInCurrentOnly>false</hideElementsInCurrentOnly>
<backgroundColor>-16777216</backgroundColor>
<lineWidth>1</lineWidth>
<sourceLabel class="oracle.dbtools.crest.model.design.Label">
<site>0</site>
<labelBounds x="296" y="90" width="51" height="30"/>
<noBackgroundColor>true</noBackgroundColor>
<noForegroundColor>true</noForegroundColor>
</sourceLabel>
<targetLabel class="oracle.dbtools.crest.model.design.Label">
<site>2</site>
<labelBounds x="373" y="123" width="75" height="30"/>
<noBackgroundColor>true</noBackgroundColor>
<noForegroundColor>true</noForegroundColor>
</targetLabel>
<points>
<point x="286" y="120"/>
<point x="454" y="120"/>
</points>
</Connector>
</connectors>
</Diagram>